{
  "$schema": "https://raw.githubusercontent.com/spdx/spdx-spec/v2.2.1/schemas/spdx-schema.json",
  "spdxVersion": "SPDX-2.2",
  "dataLicense": "CC0-1.0",
  "SPDXID": "SPDXRef-DOCUMENT",
  "documentNamespace": "https://spdx.org/spdxdocs/proj-x64-windows-9.3.0-c9623f4d-0941-4fa2-906e-762b690b8f91",
  "name": "proj:x64-windows@9.3.0 ca8c90c9fd6ce79916542790aa6fb2e93b7901b2639e78bb16e319e3fe087ce9",
  "creationInfo": {
    "creators": [
      "Tool: vcpkg-ac02a9f660977426b8ec6392919fbb1d51b10998"
    ],
    "created": "2023-09-20T02:27:01Z"
  },
  "relationships": [
    {
      "spdxElementId": "SPDXRef-port",
      "relationshipType": "GENERATES",
      "relatedSpdxElement": "SPDXRef-binary"
    },
    {
      "spdxElementId": "SPDXRef-port",
      "relationshipType": "CONTAINS",
      "relatedSpdxElement": "SPDXRef-file-0"
    },
    {
      "spdxElementId": "SPDXRef-port",
      "relationshipType": "CONTAINS",
      "relatedSpdxElement": "SPDXRef-file-1"
    },
    {
      "spdxElementId": "SPDXRef-port",
      "relationshipType": "CONTAINS",
      "relatedSpdxElement": "SPDXRef-file-2"
    },
    {
      "spdxElementId": "SPDXRef-port",
      "relationshipType": "CONTAINS",
      "relatedSpdxElement": "SPDXRef-file-3"
    },
    {
      "spdxElementId": "SPDXRef-port",
      "relationshipType": "CONTAINS",
      "relatedSpdxElement": "SPDXRef-file-4"
    },
    {
      "spdxElementId": "SPDXRef-port",
      "relationshipType": "CONTAINS",
      "relatedSpdxElement": "SPDXRef-file-5"
    },
    {
      "spdxElementId": "SPDXRef-binary",
      "relationshipType": "GENERATED_FROM",
      "relatedSpdxElement": "SPDXRef-port"
    },
    {
      "spdxElementId": "SPDXRef-file-0",
      "relationshipType": "CONTAINED_BY",
      "relatedSpdxElement": "SPDXRef-port"
    },
    {
      "spdxElementId": "SPDXRef-file-1",
      "relationshipType": "CONTAINED_BY",
      "relatedSpdxElement": "SPDXRef-port"
    },
    {
      "spdxElementId": "SPDXRef-file-2",
      "relationshipType": "CONTAINED_BY",
      "relatedSpdxElement": "SPDXRef-port"
    },
    {
      "spdxElementId": "SPDXRef-file-3",
      "relationshipType": "CONTAINED_BY",
      "relatedSpdxElement": "SPDXRef-port"
    },
    {
      "spdxElementId": "SPDXRef-file-4",
      "relationshipType": "CONTAINED_BY",
      "relatedSpdxElement": "SPDXRef-port"
    },
    {
      "spdxElementId": "SPDXRef-file-5",
      "relationshipType": "CONTAINED_BY",
      "relatedSpdxElement": "SPDXRef-port"
    }
  ],
  "packages": [
    {
      "name": "proj",
      "SPDXID": "SPDXRef-port",
      "versionInfo": "9.3.0",
      "downloadLocation": "git+https://github.com/Microsoft/vcpkg@d3932aae445fce753fd58b103e1dcb0acfff0a39",
      "homepage": "https://proj.org/",
      "licenseConcluded": "MIT",
      "licenseDeclared": "NOASSERTION",
      "copyrightText": "NOASSERTION",
      "description": "PROJ library for cartographic projections",
      "comment": "This is the port (recipe) consumed by vcpkg."
    },
    {
      "name": "proj:x64-windows",
      "SPDXID": "SPDXRef-binary",
      "versionInfo": "ca8c90c9fd6ce79916542790aa6fb2e93b7901b2639e78bb16e319e3fe087ce9",
      "downloadLocation": "NONE",
      "licenseConcluded": "MIT",
      "licenseDeclared": "NOASSERTION",
      "copyrightText": "NOASSERTION",
      "comment": "This is a binary package built by vcpkg."
    },
    {
      "SPDXID": "SPDXRef-resource-1",
      "name": "OSGeo/PROJ",
      "downloadLocation": "git+https://github.com/OSGeo/PROJ@9.3.0",
      "licenseConcluded": "NOASSERTION",
      "licenseDeclared": "NOASSERTION",
      "copyrightText": "NOASSERTION",
      "checksums": [
        {
          "algorithm": "SHA512",
          "checksumValue": "ee8170780c70e09efa4bc3fcf6ee9a2c15554a05a8562617fc5e9698fb33c6c0af380dd0de836db91955eb35623ded1fec67c6afe5fd3b692fcf4f4b3e4f0658"
        }
      ]
    }
  ],
  "files": [
    {
      "fileName": "./C:/vcpkg/buildtrees/versioning_/versions/proj/d3932aae445fce753fd58b103e1dcb0acfff0a39/fix-proj4-targets-cmake.patch",
      "SPDXID": "SPDXRef-file-0",
      "checksums": [
        {
          "algorithm": "SHA256",
          "checksumValue": "0bcc51d69830a495a955cb97a8a1f91d9cec0410cbd8198f82f4fe60169d696f"
        }
      ],
      "licenseConcluded": "NOASSERTION",
      "copyrightText": "NOASSERTION"
    },
    {
      "fileName": "./C:/vcpkg/buildtrees/versioning_/versions/proj/d3932aae445fce753fd58b103e1dcb0acfff0a39/fix-win-output-name.patch",
      "SPDXID": "SPDXRef-file-1",
      "checksums": [
        {
          "algorithm": "SHA256",
          "checksumValue": "706e536cfe9a90c1b071ab5b00932fa96bb35c67fcb0f96c0fc4feb7c0b44011"
        }
      ],
      "licenseConcluded": "NOASSERTION",
      "copyrightText": "NOASSERTION"
    },
    {
      "fileName": "./C:/vcpkg/buildtrees/versioning_/versions/proj/d3932aae445fce753fd58b103e1dcb0acfff0a39/portfile.cmake",
      "SPDXID": "SPDXRef-file-2",
      "checksums": [
        {
          "algorithm": "SHA256",
          "checksumValue": "e0e5fe1c427718ab4fd07d2298f8472b76a250a236e2e2bee6eda20d5a4b6425"
        }
      ],
      "licenseConcluded": "NOASSERTION",
      "copyrightText": "NOASSERTION"
    },
    {
      "fileName": "./C:/vcpkg/buildtrees/versioning_/versions/proj/d3932aae445fce753fd58b103e1dcb0acfff0a39/remove_toolset_restriction.patch",
      "SPDXID": "SPDXRef-file-3",
      "checksums": [
        {
          "algorithm": "SHA256",
          "checksumValue": "25c1c986673bd539f5ec920684a08b38d0d37d9e24b6793e5b79dbd717bde04e"
        }
      ],
      "licenseConcluded": "NOASSERTION",
      "copyrightText": "NOASSERTION"
    },
    {
      "fileName": "./C:/vcpkg/buildtrees/versioning_/versions/proj/d3932aae445fce753fd58b103e1dcb0acfff0a39/usage",
      "SPDXID": "SPDXRef-file-4",
      "checksums": [
        {
          "algorithm": "SHA256",
          "checksumValue": "26169363c27e71a44cba9d703b22bbd13c191ab5e2d0612b3dd35c735c971fe6"
        }
      ],
      "licenseConcluded": "NOASSERTION",
      "copyrightText": "NOASSERTION"
    },
    {
      "fileName": "./C:/vcpkg/buildtrees/versioning_/versions/proj/d3932aae445fce753fd58b103e1dcb0acfff0a39/vcpkg.json",
      "SPDXID": "SPDXRef-file-5",
      "checksums": [
        {
          "algorithm": "SHA256",
          "checksumValue": "3033ba2a76255e553b58c68ec9071c5b11dc64cea3be854cdea49e9190ede3f8"
        }
      ],
      "licenseConcluded": "NOASSERTION",
      "copyrightText": "NOASSERTION"
    }
  ]
}
